personaje,texto,versos,n_versos
CLOTALDO,"    Todo, como lo mandaste,
queda efetuado.","['    Todo, como lo mandaste,', 'queda efetuado.']",2
BASILIO,"Cuenta,
Clotaldo, cómo pasó.","['Cuenta,', 'Clotaldo, cómo pasó.']",2
CLOTALDO,"Fue, señor, desta manera.
Con la apacible bebida 
que de confecciones llena
hacer mandaste, mezclando
la virtud de algunas hierbas,
cuyo tirano poder
y cuya secreta fuerza 
así al humano discurso
priva, roba y enajena,
que deja vivo cadáver
a un hombre, y cuya violencia,
adormecido, le quita 
los sentidos y potencias...
(No tenemos que argüir
que aquesto posible sea,
pues tantas veces, señor,
nos ha dicho la experiencia, 
y es cierto, que de secretos
naturales está llena
la medicina, y no hay

animal, planta ni piedra
que no tenga calidad 
determinada; y si llega
a examinar mil venenos
la humana malicia nuestra
que den la muerte, ¿qué mucho
que, templada su violencia, 
pues hay venenos que maten,
haya venenos que aduerman?
Dejando aparte el dudar
si es posible que suceda,
pues que ya queda probado 
con razones y evidencias...)
con la bebida, en efeto,
que el opio, la adormidera
y el beleño compusieron,
bajé a la cárcel estrecha 
de Segismundo; con él
hablé un rato de las letras
humanas que le ha enseñado
la muda naturaleza
de los montes y los cielos, 
y en cuya divina escuela
la retórica aprendió
de las aves y las fieras.
Para levantarle más
el espíritu a la empresa 
que solicitas, tomé
por asumpto la presteza
de un águila caudalosa que,
despreciando la esfera
del viento, pasaba a ser, 
en las regiones supremas

del fuego, rayo de pluma,
o desasido cometa.
Encarecí el vuelo altivo,
diciendo: «Al fin eres reina 
de las aves, y así a todas
es justo que te prefieras.»
Él no hubo menester más,
que en tocando esta materia
de la majestad, discurre 
con ambición y soberbia;
porque en efecto la sangre
le incita, mueve y alienta
a cosas grandes, y dijo:
«¡Que en la república inquieta 
de las aves también haya
quien les jure la obediencia!
En llegando a este discurso
mis desdichas me consuelan;
pues, por lo menos, si estoy 
sujeto, lo estoy por fuerza,
porque voluntariamente
a otro hombre no me rindiera.»
Viéndole ya enfurecido
con esto, que ha sido el tema 
de su dolor, le brindé
con la pócima y, apenas
pasó desde el vaso al pecho
el licor, cuando las fuerzas
rindió al sueño, discurriendo 
por los miembros y las venas
un sudor frío, de modo
que a no saber yo que era
muerte fingida, dudara
de su vida. En esto llegan 
las gentes de quien tú fías
el valor desta experiencia,
y poniéndole en un coche
hasta tu cuarto le llevan,

donde prevenida estaba 
la majestad y grandeza
que es digna de su persona.
Allí en tu cama le acuestan,
donde al tiempo que el letargo
haya perdido la fuerza, 
como a ti mismo, señor,
le sirvan, que así lo ordenas.
Y si haberte obedecido
te obliga a que yo merezca
galardón, sólo te pido 
(perdona mi inadvertencia)
que me digas qué es tu intento,
trayendo desta manera
a Segismundo a palacio.","['Fue, señor, desta manera.', 'Con la apacible bebida ', 'que de confecciones llena', 'hacer mandaste, mezclando', 'la virtud de algunas hierbas,', 'cuyo tirano poder', 'y cuya secreta fuerza ', 'así al humano discurso', 'priva, roba y enajena,', 'que deja vivo cadáver', 'a un hombre, y cuya violencia,', 'adormecido, le quita ', 'los sentidos y potencias...', '(No tenemos que argüir', 'que aquesto posible sea,', 'pues tantas veces, señor,', 'nos ha dicho la experiencia, ', 'y es cierto, que de secretos', 'naturales está llena', 'la medicina, y no hay', 'animal, planta ni piedra', 'que no tenga calidad ', 'determinada; y si llega', 'a examinar mil venenos', 'la humana malicia nuestra', 'que den la muerte, ¿qué mucho', 'que, templada su violencia, ', 'pues hay venenos que maten,', 'haya venenos que aduerman?', 'Dejando aparte el dudar', 'si es posible que suceda,', 'pues que ya queda probado ', 'con razones y evidencias...)', 'con la bebida, en efeto,', 'que el opio, la adormidera', 'y el beleño compusieron,', 'bajé a la cárcel estrecha ', 'de Segismundo; con él', 'hablé un rato de las letras', 'humanas que le ha enseñado', 'la muda naturaleza', 'de los montes y los cielos, ', 'y en cuya divina escuela', 'la retórica aprendió', 'de las aves y las fieras.', 'Para levantarle más', 'el espíritu a la empresa ', 'que solicitas, tomé', 'por asumpto la presteza', 'de un águila caudalosa que,', 'despreciando la esfera', 'del viento, pasaba a ser, ', 'en las regiones supremas', 'del fuego, rayo de pluma,', 'o desasido cometa.', 'Encarecí el vuelo altivo,', 'diciendo: «Al fin eres reina ', 'de las aves, y así a todas', 'es justo que te prefieras.»', 'Él no hubo menester más,', 'que en tocando esta materia', 'de la majestad, discurre ', 'con ambición y soberbia;', 'porque en efecto la sangre', 'le incita, mueve y alienta', 'a cosas grandes, y dijo:', '«¡Que en la república inquieta ', 'de las aves también haya', 'quien les jure la obediencia!', 'En llegando a este discurso', 'mis desdichas me consuelan;', 'pues, por lo menos, si estoy ', 'sujeto, lo estoy por fuerza,', 'porque voluntariamente', 'a otro hombre no me rindiera.»', 'Viéndole ya enfurecido', 'con esto, que ha sido el tema ', 'de su dolor, le brindé', 'con la pócima y, apenas', 'pasó desde el vaso al pecho', 'el licor, cuando las fuerzas', 'rindió al sueño, discurriendo ', 'por los miembros y las venas', 'un sudor frío, de modo', 'que a no saber yo que era', 'muerte fingida, dudara', 'de su vida. En esto llegan ', 'las gentes de quien tú fías', 'el valor desta experiencia,', 'y poniéndole en un coche', 'hasta tu cuarto le llevan,', 'donde prevenida estaba ', 'la majestad y grandeza', 'que es digna de su persona.', 'Allí en tu cama le acuestan,', 'donde al tiempo que el letargo', 'haya perdido la fuerza, ', 'como a ti mismo, señor,', 'le sirvan, que así lo ordenas.', 'Y si haberte obedecido', 'te obliga a que yo merezca', 'galardón, sólo te pido ', '(perdona mi inadvertencia)', 'que me digas qué es tu intento,', 'trayendo desta manera', 'a Segismundo a palacio.']",106
BASILIO,"Clotaldo, muy justa es esa 
duda que tienes, y quiero
sólo a vos satisfacerla.
A Segismundo, mi hijo,
el influjo de su estrella
(vos lo sabéis) amenaza 
mil desdichas y tragedias.
Quiero examinar si el cielo
(que no es posible que mienta,
y más habiéndonos dado
de su rigor tantas muestras 
en su crüel condición)
o se mitiga o se templa
por lo menos, y vencido
con valor y con prudencia
se desdice; porque el hombre 
predomina en las estrellas.
Esto quiero examinar,
trayéndole donde sepa
que es mi hijo y donde haga
de su talento la prueba. 
Si magnánimo se vence
reinará; pero si muestra

el ser crüel y tirano,
le volveré a su cadena.
Agora preguntarás 
que para aquesta experiencia
¿qué importó haberle traído
dormido desta manera?
Y quiero satisfacerte
dándote a todo respuesta. 
Si él supiera que es mi hijo
hoy, y mañana se viera
segunda vez reducido
a su prisión y miseria,
cierto es de su condición 
que desesperara en ella;
porque sabiendo quién es
¿qué consuelo habrá que tenga?
Y así he querido dejar
abierta al daño esta puerta 
del decir que fue soñado
cuanto vio. Con esto llegan
a examinarse dos cosas.
Su condición la primera;
pues él despierto procede 
en cuanto imagina y piensa.
Y el consuelo la segunda;
pues aunque agora se vea
obedecido, y después
a sus prisiones se vuelva, 
podrá entender que soñó,
y hará bien cuando lo entienda;
porque en el mundo, Clotaldo,
todos los que viven sueñan.","['Clotaldo, muy justa es esa ', 'duda que tienes, y quiero', 'sólo a vos satisfacerla.', 'A Segismundo, mi hijo,', 'el influjo de su estrella', '(vos lo sabéis) amenaza ', 'mil desdichas y tragedias.', 'Quiero examinar si el cielo', '(que no es posible que mienta,', 'y más habiéndonos dado', 'de su rigor tantas muestras ', 'en su crüel condición)', 'o se mitiga o se templa', 'por lo menos, y vencido', 'con valor y con prudencia', 'se desdice; porque el hombre ', 'predomina en las estrellas.', 'Esto quiero examinar,', 'trayéndole donde sepa', 'que es mi hijo y donde haga', 'de su talento la prueba. ', 'Si magnánimo se vence', 'reinará; pero si muestra', 'el ser crüel y tirano,', 'le volveré a su cadena.', 'Agora preguntarás ', 'que para aquesta experiencia', '¿qué importó haberle traído', 'dormido desta manera?', 'Y quiero satisfacerte', 'dándote a todo respuesta. ', 'Si él supiera que es mi hijo', 'hoy, y mañana se viera', 'segunda vez reducido', 'a su prisión y miseria,', 'cierto es de su condición ', 'que desesperara en ella;', 'porque sabiendo quién es', '¿qué consuelo habrá que tenga?', 'Y así he querido dejar', 'abierta al daño esta puerta ', 'del decir que fue soñado', 'cuanto vio. Con esto llegan', 'a examinarse dos cosas.', 'Su condición la primera;', 'pues él despierto procede ', 'en cuanto imagina y piensa.', 'Y el consuelo la segunda;', 'pues aunque agora se vea', 'obedecido, y después', 'a sus prisiones se vuelva, ', 'podrá entender que soñó,', 'y hará bien cuando lo entienda;', 'porque en el mundo, Clotaldo,', 'todos los que viven sueñan.']",55
CLOTALDO,"Razones no me faltaran 
para probar que no aciertas.
Mas ya no tiene remedio;
y según dicen las señas,
parece que ha despertado,
y hacia nosotros se acerca. ","['Razones no me faltaran ', 'para probar que no aciertas.', 'Mas ya no tiene remedio;', 'y según dicen las señas,', 'parece que ha despertado,', 'y hacia nosotros se acerca. ']",6
BASILIO,"Yo me quiero retirar.
Tú, como ayo suyo, llega,
y de tantas confusiones
como su dircurso cercan
le saca con la verdad. ","['Yo me quiero retirar.', 'Tú, como ayo suyo, llega,', 'y de tantas confusiones', 'como su dircurso cercan', 'le saca con la verdad. ']",5
CLOTALDO,"En fin, ¿que me das licencia
para que lo diga?","['En fin, ¿que me das licencia', 'para que lo diga?']",2
BASILIO,"Sí;
que podrá ser, con saberla,
que, conocido el peligro,
más fácilmente se venza. ","['Sí;', 'que podrá ser, con saberla,', 'que, conocido el peligro,', 'más fácilmente se venza. ']",4
CLARÍN," (Aparte.)  
A costa de cuatro palos
que el llegar aquí me cuesta
de un alabardero rubio
que barbó de su librea,
tengo que ver cuanto pasa; 
que no hay ventana más cierta
que aquella que, sin rogar
a un ministro de boletas,
un hombre se trae consigo;
pues para todas las fiestas 
despojado y despejado
se asoma a su desvergüenza.","[' (Aparte.)  ', 'A costa de cuatro palos', 'que el llegar aquí me cuesta', 'de un alabardero rubio', 'que barbó de su librea,', 'tengo que ver cuanto pasa; ', 'que no hay ventana más cierta', 'que aquella que, sin rogar', 'a un ministro de boletas,', 'un hombre se trae consigo;', 'pues para todas las fiestas ', 'despojado y despejado', 'se asoma a su desvergüenza.']",13
CLOTALDO," (Aparte. 
Éste es Clarín, el criado
de aquella, ¡ay cielos!, de aquella
que, tratante de desdichas, 
pasó a Polonia mi afrenta.)
Clarín, ¿qué hay de nuevo?","[' (Aparte. ', 'Éste es Clarín, el criado', 'de aquella, ¡ay cielos!, de aquella', 'que, tratante de desdichas, ', 'pasó a Polonia mi afrenta.)', 'Clarín, ¿qué hay de nuevo?']",6
CLARÍN,"Hay,
señor, que tu gran clemencia
dispuesta a vengar agravios
de Rosaura, la aconseja 
que tome su propio traje.","['Hay,', 'señor, que tu gran clemencia', 'dispuesta a vengar agravios', 'de Rosaura, la aconseja ', 'que tome su propio traje.']",5
CLOTALDO,"Y es bien, porque no parezca
liviandad.","['Y es bien, porque no parezca', 'liviandad.']",2
CLARÍN,"Hay que, mudando
su nombre y tomando, cuerda,
nombre de sobrina tuya, 
hoy tanto honor se acrecienta
que dama en palacio ya
de la singular Estrella
vive.","['Hay que, mudando', 'su nombre y tomando, cuerda,', 'nombre de sobrina tuya, ', 'hoy tanto honor se acrecienta', 'que dama en palacio ya', 'de la singular Estrella', 'vive.']",7
CLOTALDO,"Es bien que de una vez
tome su honor por mi cuenta. ","['Es bien que de una vez', 'tome su honor por mi cuenta. ']",2
CLARÍN,"Hay que ella se está esperando
que ocasión y tiempo venga
en que vuelvas por su honor.","['Hay que ella se está esperando', 'que ocasión y tiempo venga', 'en que vuelvas por su honor.']",3
CLOTALDO,"Prevención segura es ésa;
que al fin el tiempo ha de ser 
quien haga esas diligencias.","['Prevención segura es ésa;', 'que al fin el tiempo ha de ser ', 'quien haga esas diligencias.']",3
CLARÍN,"Hay que ella está regalada,
servida como una reina,
en fe de sobrina tuya.
Y hay que, viviendo con ella, 
estoy yo muriendo de hambre,
y naide de mí se acuerda,
sin mirar que soy Clarín,
y que si el tal clarín suena,
podrá decir cuanto pasa 
al Rey, a Astolfo y a Estrella;
porque clarín y crïado
son dos cosas que se llevan
con el secreto muy mal;
y podrá ser, si me deja 
el silencio de su mano,
se cante por mí esta letra:
Clarín que rompe el albor
no suena mejor.","['Hay que ella está regalada,', 'servida como una reina,', 'en fe de sobrina tuya.', 'Y hay que, viviendo con ella, ', 'estoy yo muriendo de hambre,', 'y naide de mí se acuerda,', 'sin mirar que soy Clarín,', 'y que si el tal clarín suena,', 'podrá decir cuanto pasa ', 'al Rey, a Astolfo y a Estrella;', 'porque clarín y crïado', 'son dos cosas que se llevan', 'con el secreto muy mal;', 'y podrá ser, si me deja ', 'el silencio de su mano,', 'se cante por mí esta letra:', 'Clarín que rompe el albor', 'no suena mejor.']",18
CLOTALDO,"Tu queja está bien fundada; 
yo satisfaré tu queja,
y en tanto sírveme a mí.","['Tu queja está bien fundada; ', 'yo satisfaré tu queja,', 'y en tanto sírveme a mí.']",3
CLARÍN,Pues ya Segismundo llega.,['Pues ya Segismundo llega.'],1
SEGISMUNDO,"    ¡Válgame el cielo, qué veo!
¡Válgame el cielo, qué miro! 
Con poco espanto lo admiro,
con mucha duda lo creo.
    ¿Yo en palacios suntuosos?
¿Yo entre telas y brocados?
¿Yo cercado de criados 
tan lucidos y briosos?
    ¿Yo despertar de dormir
en lecho tan excelente?
¿Yo en medio de tanta gente
que me sirva de vestir? 
    Decir que sueño es engaño;
bien sé que despierto estoy.
¿Yo Segismundo no soy?
Dadme, cielos, desengaño.
    Decidme: ¿qué pudo ser 
esto que a mi fantasía
sucedió mientras dormía,
que aquí me he llegado a ver?
    Pero sea lo que fuere,
¿quién me mete en discurrir? 
Dejarme quiero servir,
y venga lo que viniere.","['    ¡Válgame el cielo, qué veo!', '¡Válgame el cielo, qué miro! ', 'Con poco espanto lo admiro,', 'con mucha duda lo creo.', '    ¿Yo en palacios suntuosos?', '¿Yo entre telas y brocados?', '¿Yo cercado de criados ', 'tan lucidos y briosos?', '    ¿Yo despertar de dormir', 'en lecho tan excelente?', '¿Yo en medio de tanta gente', 'que me sirva de vestir? ', '    Decir que sueño es engaño;', 'bien sé que despierto estoy.', '¿Yo Segismundo no soy?', 'Dadme, cielos, desengaño.', '    Decidme: ¿qué pudo ser ', 'esto que a mi fantasía', 'sucedió mientras dormía,', 'que aquí me he llegado a ver?', '    Pero sea lo que fuere,', '¿quién me mete en discurrir? ', 'Dejarme quiero servir,', 'y venga lo que viniere.']",24
[CRIADO] 2.º,    ¡Qué melancólico está!,['    ¡Qué melancólico está!'],1
[CRIADO] 1.º,"Pues ¿a quién le sucediera
esto, que no lo estuviera? ","['Pues ¿a quién le sucediera', 'esto, que no lo estuviera? ']",2
CLARÍN,A mí.,['A mí.'],1
[CRIADO] 2.º,Llega a hablarle ya.,['Llega a hablarle ya.'],1
[CRIADO] 1.º,¿Volverán a cantar?,['¿Volverán a cantar?'],1
SEGISMUNDO,"No,
no quiero que canten más.","['No,', 'no quiero que canten más.']",2
[CRIADO] 2.º,"Como tan suspenso estás,
quise divertirte.","['Como tan suspenso estás,', 'quise divertirte.']",2
SEGISMUNDO,"Yo

no tengo de divertir
con sus voces mis pesares;

las músicas militares
sólo he gustado de oír.","['Yo', 'no tengo de divertir', 'con sus voces mis pesares;', 'las músicas militares', 'sólo he gustado de oír.']",5
CLOTALDO,"    Vuestra Alteza, gran señor 
me dé su mano a besar;
que el primero le ha de dar
esta obediencia mi honor.","['    Vuestra Alteza, gran señor ', 'me dé su mano a besar;', 'que el primero le ha de dar', 'esta obediencia mi honor.']",4
SEGISMUNDO," (Aparte.)  
    Clotaldo es; pues ¿cómo así
quien en prisión me maltrata 
con tal respeto me trata?
¿Qué es lo que pasa por mí?","[' (Aparte.)  ', '    Clotaldo es; pues ¿cómo así', 'quien en prisión me maltrata ', 'con tal respeto me trata?', '¿Qué es lo que pasa por mí?']",5
CLOTALDO,"    Con la grande confusión
que el nuevo estado te da,
mil dudas padecerá 
el discurso y la razón.
    Pero ya librarte quiero
de todas, si puede ser,
porque has, señor, de saber
que eres príncipe heredero 
    de Polonia. Si has estado
retirado y escondido,
por obedecer ha sido
a la inclemencia del hado,
    que mil tragedias consiente 
a este imperio, cuando en él
el soberano laurel
corone tu augusta frente.
    Mas fiando a tu atención
que vencerás las estrellas, 
porque es posible vencellas
a un magnánimo varón,
    a palacio te han traído
de la torre en que vivías,
mientras al sueño tenías 
el espíritu rendido.
    Tu padre, el Rey mi señor,
vendrá a verte, y dél sabrás,
Segismundo, lo demás.","['    Con la grande confusión', 'que el nuevo estado te da,', 'mil dudas padecerá ', 'el discurso y la razón.', '    Pero ya librarte quiero', 'de todas, si puede ser,', 'porque has, señor, de saber', 'que eres príncipe heredero ', '    de Polonia. Si has estado', 'retirado y escondido,', 'por obedecer ha sido', 'a la inclemencia del hado,', '    que mil tragedias consiente ', 'a este imperio, cuando en él', 'el soberano laurel', 'corone tu augusta frente.', '    Mas fiando a tu atención', 'que vencerás las estrellas, ', 'porque es posible vencellas', 'a un magnánimo varón,', '    a palacio te han traído', 'de la torre en que vivías,', 'mientras al sueño tenías ', 'el espíritu rendido.', '    Tu padre, el Rey mi señor,', 'vendrá a verte, y dél sabrás,', 'Segismundo, lo demás.']",27
SEGISMUNDO,"Pues vil, infame y traidor, 
    ¿qué tengo más que saber,
después de saber quién soy,
para mostrar desde hoy
mi soberbia y mi poder?
    ¿Cómo a tu patria le has hecho 
tal traición, que me ocultaste
a mí, pues que me negaste,
contra razón y derecho,
    este estado?","['Pues vil, infame y traidor, ', '    ¿qué tengo más que saber,', 'después de saber quién soy,', 'para mostrar desde hoy', 'mi soberbia y mi poder?', '    ¿Cómo a tu patria le has hecho ', 'tal traición, que me ocultaste', 'a mí, pues que me negaste,', 'contra razón y derecho,', '    este estado?']",10
CLOTALDO,¡Ay de mí triste!,['¡Ay de mí triste!'],1
SEGISMUNDO,"Traidor fuiste con la ley, 
lisonjero con el Rey,
y crüel conmigo fuiste;
    y así el Rey, la ley y yo,
entre desdichas tan fieras,
te condenan a que mueras 
a mis manos.","['Traidor fuiste con la ley, ', 'lisonjero con el Rey,', 'y crüel conmigo fuiste;', '    y así el Rey, la ley y yo,', 'entre desdichas tan fieras,', 'te condenan a que mueras ', 'a mis manos.']",7
[CRIADO] 2.º,Señor...,['Señor...'],1
SEGISMUNDO,"No
    me estorbe nadie, que es vana
diligencia; y ¡vive Dios!
si os ponéis delante vos,
que os eche por la ventana. ","['No', '    me estorbe nadie, que es vana', 'diligencia; y ¡vive Dios!', 'si os ponéis delante vos,', 'que os eche por la ventana. ']",5
[CRIADO] 1.º,"    Huye, Clotaldo.","['    Huye, Clotaldo.']",1
CLOTALDO,"¡Ay de ti,
que soberbia vas mostrando,
sin saber que estás soñando!
 (Vase.)  ","['¡Ay de ti,', 'que soberbia vas mostrando,', 'sin saber que estás soñando!', ' (Vase.)  ']",4
[CRIADO] 2.º,Advierte...,['Advierte...'],1
SEGISMUNDO,Apartad de aquí.,['Apartad de aquí.'],1
[CRIADO] 2.º,    ... que a su Rey obedeció. ,['    ... que a su Rey obedeció. '],1
SEGISMUNDO,"En lo que no es justa ley
no ha de obedecer al Rey;
y tu príncipe era yo.","['En lo que no es justa ley', 'no ha de obedecer al Rey;', 'y tu príncipe era yo.']",3
[CRIADO] 2.º,"    Él no debió examinar
si era bien hecho o mal hecho. ","['    Él no debió examinar', 'si era bien hecho o mal hecho. ']",2
SEGISMUNDO,"Que estáis mal co[n] vos, sospecho,
pues me dais que replicar.","['Que estáis mal co[n] vos, sospecho,', 'pues me dais que replicar.']",2
CLARÍN,"    Dice el Príncipe muy bien,
y vos hicistes muy mal.","['    Dice el Príncipe muy bien,', 'y vos hicistes muy mal.']",2
[CRIADO] 1.º,¿Quién os dio licencia igual? ,['¿Quién os dio licencia igual? '],1
CLARÍN,Yo me la he tomado.,['Yo me la he tomado.'],1
SEGISMUNDO,"¿Quién
    eres tú?, di.","['¿Quién', '    eres tú?, di.']",2
CLARÍN,"Entremetido,
y deste oficio soy jefe,
porque soy el mequetrefe
mayor que se ha conocido. ","['Entremetido,', 'y deste oficio soy jefe,', 'porque soy el mequetrefe', 'mayor que se ha conocido. ']",4
SEGISMUNDO,"Tú solo en tan nuevos mundos
me has agradado.","['Tú solo en tan nuevos mundos', 'me has agradado.']",2
CLARÍN,"Señor,
soy un grande agradador
de todos los Segismundos.","['Señor,', 'soy un grande agradador', 'de todos los Segismundos.']",3
ASTOLFO,"    ¡Feliz mil veces el día, 
oh Príncipe, que os mostráis,
sol de Polonia, y llenáis
de resplandor y alegría
    todos estos horizontes
con tan divino arrebol, 
pues que salís como el sol
de debajo de los montes!
    Salid, pues, y aunque tan tarde
se corona vuestra frente
del laurel resplandeciente, 
tarde muera.","['    ¡Feliz mil veces el día, ', 'oh Príncipe, que os mostráis,', 'sol de Polonia, y llenáis', 'de resplandor y alegría', '    todos estos horizontes', 'con tan divino arrebol, ', 'pues que salís como el sol', 'de debajo de los montes!', '    Salid, pues, y aunque tan tarde', 'se corona vuestra frente', 'del laurel resplandeciente, ', 'tarde muera.']",12
SEGISMUNDO,Dios os guarde.,['Dios os guarde.'],1
ASTOLFO,"    El no haberme conocido
sólo por disculpa os doy
de no honrarme más. Yo soy
Astolfo, duque he nacido 
    de Moscovia, y primo vuestro;
haya igualdad en los dos.","['    El no haberme conocido', 'sólo por disculpa os doy', 'de no honrarme más. Yo soy', 'Astolfo, duque he nacido ', '    de Moscovia, y primo vuestro;', 'haya igualdad en los dos.']",6
SEGISMUNDO,"Si digo que os guarde Dios,
¿bastante agrado no os muestro?
    Pero ya que, haciendo alarde 
de quien sois, desto os quejáis,
otra vez que me veáis
le diré a Dios que no os guarde.","['Si digo que os guarde Dios,', '¿bastante agrado no os muestro?', '    Pero ya que, haciendo alarde ', 'de quien sois, desto os quejáis,', 'otra vez que me veáis', 'le diré a Dios que no os guarde.']",6
[CRIADO] 2.º," (A ASTOLFO.)  
    Vuestra Alteza considere
que como en montes nacido 
con todos ha procedido.
  (A SEGISMUNDO.)  
Astolfo, señor, prefiere...","[' (A ASTOLFO.)  ', '    Vuestra Alteza considere', 'que como en montes nacido ', 'con todos ha procedido.', '  (A SEGISMUNDO.)  ', 'Astolfo, señor, prefiere...']",6
SEGISMUNDO,"Cansóme cómo llegó
grave a hablarme; y lo primero
que hizo, se puso el sombrero. ","['Cansóme cómo llegó', 'grave a hablarme; y lo primero', 'que hizo, se puso el sombrero. ']",3
[CRIADO] 2.º,Es grande.,['Es grande.'],1
SEGISMUNDO,Mayor soy yo.,['Mayor soy yo.'],1
[CRIADO] 2.º,"    Con todo eso, entre los dos
que haya más respeto es bien
que entre los demás.","['    Con todo eso, entre los dos', 'que haya más respeto es bien', 'que entre los demás.']",3
SEGISMUNDO,"¿Y quién
os mete conmigo a vos? ","['¿Y quién', 'os mete conmigo a vos? ']",2
ESTRELLA,"    Vuestra Alteza, señor, sea
muchas veces bien venido
al dosel, que agradecido
le recibe y le desea,
    adonde, a pesar de engaños, 
viva augusto y eminente,
donde su vida se cuente
por siglos, y no por años.","['    Vuestra Alteza, señor, sea', 'muchas veces bien venido', 'al dosel, que agradecido', 'le recibe y le desea,', '    adonde, a pesar de engaños, ', 'viva augusto y eminente,', 'donde su vida se cuente', 'por siglos, y no por años.']",8
SEGISMUNDO,"    Dime tú agora, ¿quién es
esta beldad soberana? 
¿Quién es esta diosa humana,
a cuyos divinos pies
    postra el cielo su arrebol?
¿Quién es esta mujer bella?","['    Dime tú agora, ¿quién es', 'esta beldad soberana? ', '¿Quién es esta diosa humana,', 'a cuyos divinos pies', '    postra el cielo su arrebol?', '¿Quién es esta mujer bella?']",6
CLARÍN,"Es, señor, tu prima Estrella. ","['Es, señor, tu prima Estrella. ']",1
SEGISMUNDO,"Mejor dijeras el sol.
    Aunque el parabién es bien
darme del bien que conquisto,
de sólo haberos hoy visto
os admito el parabién; 
    y así, del llegarme a ver
con el bien que no merezco,
el parabién agradezco,
Estrella; que amanecer
    podéis, y dar alegría 
al más luciente farol.
¿Qué dejáis que hacer al sol
si os levantáis con el día?
    Dadme a besar vuestra mano,
en cuya copa de nieve 
el aura candores bebe.","['Mejor dijeras el sol.', '    Aunque el parabién es bien', 'darme del bien que conquisto,', 'de sólo haberos hoy visto', 'os admito el parabién; ', '    y así, del llegarme a ver', 'con el bien que no merezco,', 'el parabién agradezco,', 'Estrella; que amanecer', '    podéis, y dar alegría ', 'al más luciente farol.', '¿Qué dejáis que hacer al sol', 'si os levantáis con el día?', '    Dadme a besar vuestra mano,', 'en cuya copa de nieve ', 'el aura candores bebe.']",16
ESTRELLA,Sed más galán cortesano.,['Sed más galán cortesano.'],1
ASTOLFO," (Aparte.)  
    Si él toma la mano, yo
soy perdido.","[' (Aparte.)  ', '    Si él toma la mano, yo', 'soy perdido.']",3
[CRIADO] 2.º," (Aparte.)  

El pesar sé
de Astolfo, y le estorbaré. 
Advierte, señor, que no
    es justo atreverte así,
y estando Astolfo...","[' (Aparte.)  ', 'El pesar sé', 'de Astolfo, y le estorbaré. ', 'Advierte, señor, que no', '    es justo atreverte así,', 'y estando Astolfo...']",6
SEGISMUNDO,"¿No digo
que vos no os metáis conmigo?","['¿No digo', 'que vos no os metáis conmigo?']",2
[CRIADO] 2.º,Digo lo que es justo.,['Digo lo que es justo.'],1
SEGISMUNDO,"A mí

    todo eso me causa enfado.
Nada me parece justo
en siendo contra mi gusto.","['A mí', '    todo eso me causa enfado.', 'Nada me parece justo', 'en siendo contra mi gusto.']",4
[CRIADO] 2.º,"Pues yo, señor, he escuchado
    de ti que en lo justo es bien 
obedecer y servir.","['Pues yo, señor, he escuchado', '    de ti que en lo justo es bien ', 'obedecer y servir.']",3
SEGISMUNDO,"También oíste decir
que por un balcón, a quien
    me canse, sabré arrojar.","['También oíste decir', 'que por un balcón, a quien', '    me canse, sabré arrojar.']",3
[CRIADO] 2.º,"Con los hombres como yo 
no puede hacerse eso.","['Con los hombres como yo ', 'no puede hacerse eso.']",2
SEGISMUNDO,"¿No?
¡Por Dios, que lo he de probar!","['¿No?', '¡Por Dios, que lo he de probar!']",2
ASTOLFO,    ¿Qué es esto que llego a ver?,['    ¿Qué es esto que llego a ver?'],1
ESTRELLA,"Llegad todos a ayudar.
 (Vase.)  ","['Llegad todos a ayudar.', ' (Vase.)  ']",2
SEGISMUNDO,"Cayó del balcón al mar. 
¡Vive Dios que pudo ser!","['Cayó del balcón al mar. ', '¡Vive Dios que pudo ser!']",2
ASTOLFO,"    Pues medid con más espacio
vuestras acciones severas;
que lo q[ue] hay de hombres a fieras
hay desde un monte a palacio. ","['    Pues medid con más espacio', 'vuestras acciones severas;', 'que lo q[ue] hay de hombres a fieras', 'hay desde un monte a palacio. ']",4
SEGISMUNDO,"    Pues en dando tan severo
en hablar con entereza,
quizá no hallaréis cabeza
en que se os tenga el sombrero.","['    Pues en dando tan severo', 'en hablar con entereza,', 'quizá no hallaréis cabeza', 'en que se os tenga el sombrero.']",4
BASILIO,    ¿Qué ha sido esto?,['    ¿Qué ha sido esto?'],1
SEGISMUNDO,"Nada ha sido.

A un hombre que me ha cansado
de ese balcón he arrojado.","['Nada ha sido.', 'A un hombre que me ha cansado', 'de ese balcón he arrojado.']",3
CLARÍN,Que es el Rey está advertido.,['Que es el Rey está advertido.'],1
BASILIO,"    ¿Tan presto una vida cuesta
tu venida el primer día? ","['    ¿Tan presto una vida cuesta', 'tu venida el primer día? ']",2
SEGISMUNDO,"Díjome que no podía
hacerse, y gané la apuesta.","['Díjome que no podía', 'hacerse, y gané la apuesta.']",2
BASILIO,"    Pésame mucho que cuando,
Príncipe, a verte he venido,
pensando hallarte advertido, 
de hados y estrellas triunfando,
    con tanto rigor te vea,
y que la primera acción

que has hecho en esta ocasión
un grave homicidio sea. 
    ¿Con qué amor llegar podré
a darte agora mis brazos,
si de sus soberbios lazos,
que están enseñados sé
    a dar muerte? ¿Quién llegó 
a ver desnudo el puñal
que dio una herida mortal,
que no temiese? ¿Quién vio
    sangriento el lugar, adonde
a otro hombre dieron muerte, 
que no sienta? Que el más fuerte
a su natural responde.
    Yo así, que en tus brazos miro
desta muerte el instrumento,
y miro el lugar sangriento 
de tus brazos me retiro;
    y, aunque en amorosos lazos
ceñir tu cuello pensé,
sin ellos me volveré,
que tengo miedo a tus brazos. ","['    Pésame mucho que cuando,', 'Príncipe, a verte he venido,', 'pensando hallarte advertido, ', 'de hados y estrellas triunfando,', '    con tanto rigor te vea,', 'y que la primera acción', 'que has hecho en esta ocasión', 'un grave homicidio sea. ', '    ¿Con qué amor llegar podré', 'a darte agora mis brazos,', 'si de sus soberbios lazos,', 'que están enseñados sé', '    a dar muerte? ¿Quién llegó ', 'a ver desnudo el puñal', 'que dio una herida mortal,', 'que no temiese? ¿Quién vio', '    sangriento el lugar, adonde', 'a otro hombre dieron muerte, ', 'que no sienta? Que el más fuerte', 'a su natural responde.', '    Yo así, que en tus brazos miro', 'desta muerte el instrumento,', 'y miro el lugar sangriento ', 'de tus brazos me retiro;', '    y, aunque en amorosos lazos', 'ceñir tu cuello pensé,', 'sin ellos me volveré,', 'que tengo miedo a tus brazos. ']",28
SEGISMUNDO,"    Sin ellos me podré estar
como me he estado hasta aquí,
que un padre que contra mí
tanto rigor sabe usar
    que con condición ingrata 
de su lado me desvía,
como a una fiera me cría
y como a un monstruo me trata,
    y mi muerte solicita,
de poca importancia fue 
que los brazos no me dé,
cuando el ser de ho[m]bre me quita.","['    Sin ellos me podré estar', 'como me he estado hasta aquí,', 'que un padre que contra mí', 'tanto rigor sabe usar', '    que con condición ingrata ', 'de su lado me desvía,', 'como a una fiera me cría', 'y como a un monstruo me trata,', '    y mi muerte solicita,', 'de poca importancia fue ', 'que los brazos no me dé,', 'cuando el ser de ho[m]bre me quita.']",12
BASILIO,"    Al cielo y a Dios pluguiera
que a dártele no llegara;
pues ni tu voz escuchara, 
ni tu atrevimiento viera.","['    Al cielo y a Dios pluguiera', 'que a dártele no llegara;', 'pues ni tu voz escuchara, ', 'ni tu atrevimiento viera.']",4
SEGISMUNDO,"    Si no me le hubieras dado,
no me quejara de ti;
pero una vez dado, sí
por habérmele quitado; 
    que aunque el dar el acción es
más noble y más singular,
es mayor bajeza dar,
para quitarlo después.","['    Si no me le hubieras dado,', 'no me quejara de ti;', 'pero una vez dado, sí', 'por habérmele quitado; ', '    que aunque el dar el acción es', 'más noble y más singular,', 'es mayor bajeza dar,', 'para quitarlo después.']",8
BASILIO,"    ¡Bien me agradeces el verte, 
de un humilde y pobre preso,
príncipe ya!","['    ¡Bien me agradeces el verte, ', 'de un humilde y pobre preso,', 'príncipe ya!']",3
SEGISMUNDO,"Pues en eso
¿qué tengo que agradecerte?
    Tirano de mi albedrío,
si viejo y caduco estás 
muriéndote, ¿qué me das?
¿Dasme más de lo que es mío?
    Mi padre eres y mi rey;
luego toda esta grandeza
me da la naturaleza 
por derechos de su ley.
    Luego, aunq[ue] esté en este estado,
obligado no te quedo,
y pedirte cuentas puedo
del tiempo que me has quitado 
    libertad, vida y honor;
y así, agradéceme a mí
que yo no cobre de ti,
pues eres tú mi deudor.","['Pues en eso', '¿qué tengo que agradecerte?', '    Tirano de mi albedrío,', 'si viejo y caduco estás ', 'muriéndote, ¿qué me das?', '¿Dasme más de lo que es mío?', '    Mi padre eres y mi rey;', 'luego toda esta grandeza', 'me da la naturaleza ', 'por derechos de su ley.', '    Luego, aunq[ue] esté en este estado,', 'obligado no te quedo,', 'y pedirte cuentas puedo', 'del tiempo que me has quitado ', '    libertad, vida y honor;', 'y así, agradéceme a mí', 'que yo no cobre de ti,', 'pues eres tú mi deudor.']",18
BASILIO,"    Bárbaro eres y atrevido; 
cumplió su palabra el cielo;
y así, para él mismo apelo,
soberbio, desvanecido.
    Y aunque sepas ya quién eres,
y desengañado estés, 
y aunque en un lugar te ves
donde a todos te prefieres,
    mira bien lo que te advierto:

que seas humilde y blando,
porque quizá estás soñando, 
aunque ves que estás despierto.
 (Vase.)  ","['    Bárbaro eres y atrevido; ', 'cumplió su palabra el cielo;', 'y así, para él mismo apelo,', 'soberbio, desvanecido.', '    Y aunque sepas ya quién eres,', 'y desengañado estés, ', 'y aunque en un lugar te ves', 'donde a todos te prefieres,', '    mira bien lo que te advierto:', 'que seas humilde y blando,', 'porque quizá estás soñando, ', 'aunque ves que estás despierto.', ' (Vase.)  ']",13
SEGISMUNDO,"    ¿Que quizá soñando estoy,
aunque despierto me veo?
No sueño, pues toco y creo
lo que he sido y lo que soy. 
    Y aunque agora te arrepientas,
poco remedio tendrás;
sé quién soy, y no podrás,
aunque suspires y sientas,
    quitarme el haber nacido 
desta corona heredero;
y si me viste primero
a las prisiones rendido,
    fue porque ignoré quién era.
Pero ya informado estoy 
de quién soy; y sé que soy
un compuesto de hombre y fiera.","['    ¿Que quizá soñando estoy,', 'aunque despierto me veo?', 'No sueño, pues toco y creo', 'lo que he sido y lo que soy. ', '    Y aunque agora te arrepientas,', 'poco remedio tendrás;', 'sé quién soy, y no podrás,', 'aunque suspires y sientas,', '    quitarme el haber nacido ', 'desta corona heredero;', 'y si me viste primero', 'a las prisiones rendido,', '    fue porque ignoré quién era.', 'Pero ya informado estoy ', 'de quién soy; y sé que soy', 'un compuesto de hombre y fiera.']",16
ROSAURA,"Siguiendo a Estrella vengo,
y gran temor de hallar a Astolfo tengo;
que Clotaldo desea 
que no sepa quién soy, y no me vea,
porque dice que importa al honor mío;
y de Clotaldo fío
su efeto; pues le debo agradecida
aquí el amparo de mi honor y vida. ","['Siguiendo a Estrella vengo,', 'y gran temor de hallar a Astolfo tengo;', 'que Clotaldo desea ', 'que no sepa quién soy, y no me vea,', 'porque dice que importa al honor mío;', 'y de Clotaldo fío', 'su efeto; pues le debo agradecida', 'aquí el amparo de mi honor y vida. ']",8
CLARÍN,"¿Qué es lo que te ha agradado
más de cuanto hoy has visto y admirado?","['¿Qué es lo que te ha agradado', 'más de cuanto hoy has visto y admirado?']",2
SEGISMUNDO,"Nada me ha suspendido,
que todo lo tenía prevenido;
mas si admirar hubiera 
algo en el mundo, la hermosura fuera

de la mujer. Leía
una vez en los libros que tenía,
que lo que a Dios mayor estudio debe
era el hombre, por ser un mundo breve. 
Mas ya que lo es recelo
la mujer, pues ha sido un breve cielo;
y más beldad encierra
que el hombre, cuanto va de cielo a tierra;
y más si es la que miro. ","['Nada me ha suspendido,', 'que todo lo tenía prevenido;', 'mas si admirar hubiera ', 'algo en el mundo, la hermosura fuera', 'de la mujer. Leía', 'una vez en los libros que tenía,', 'que lo que a Dios mayor estudio debe', 'era el hombre, por ser un mundo breve. ', 'Mas ya que lo es recelo', 'la mujer, pues ha sido un breve cielo;', 'y más beldad encierra', 'que el hombre, cuanto va de cielo a tierra;', 'y más si es la que miro. ']",13
ROSAURA,El Príncipe está aquí; yo me retiro.,['El Príncipe está aquí; yo me retiro.'],1
SEGISMUNDO,"Oye, mujer, deténte.
No juntes el ocaso y el oriente,
huyendo al primer paso;
que juntando el oriente y el ocaso, 
la lumbre y sombra fría,
serás sin duda síncopa del día.
  (Aparte.)  
Pero ¿qué es lo que veo?","['Oye, mujer, deténte.', 'No juntes el ocaso y el oriente,', 'huyendo al primer paso;', 'que juntando el oriente y el ocaso, ', 'la lumbre y sombra fría,', 'serás sin duda síncopa del día.', '  (Aparte.)  ', 'Pero ¿qué es lo que veo?']",8
ROSAURA," (Aparte.)  
Lo mismo que estoy viendo, dudo y creo.","[' (Aparte.)  ', 'Lo mismo que estoy viendo, dudo y creo.']",2
SEGISMUNDO," (Aparte.)  
Yo he visto esta belleza 
otra vez.","[' (Aparte.)  ', 'Yo he visto esta belleza ', 'otra vez.']",3
ROSAURA," (Aparte.) 
Yo, esta pompa, esta grandeza
he visto reducida
a una estrecha prisión.","[' (Aparte.) ', 'Yo, esta pompa, esta grandeza', 'he visto reducida', 'a una estrecha prisión.']",4
SEGISMUNDO," (Aparte. 
Ya hallé mi vida.)

Mujer, que aqueste nombre
es el mejor requiebro para el hombre 
¿quién eres? Que sin verte
adoración me debes; y de suerte
por la fe te conquisto
que me persuado a que otra vez te he visto.
¿Quién eres, mujer bella? ","[' (Aparte. ', 'Ya hallé mi vida.)', 'Mujer, que aqueste nombre', 'es el mejor requiebro para el hombre ', '¿quién eres? Que sin verte', 'adoración me debes; y de suerte', 'por la fe te conquisto', 'que me persuado a que otra vez te he visto.', '¿Quién eres, mujer bella? ']",9
ROSAURA," (Aparte. 
Disimular me importa.) Soy de Estrella
una infelice dama.","[' (Aparte. ', 'Disimular me importa.) Soy de Estrella', 'una infelice dama.']",3
SEGISMUNDO,"No digas tal; di el sol, a cuya llama
aquella estrella vive,
pues de tus rayos resplandor recibe. 
Yo vi en reino de olores
que presidía entre comunes flores
la deidad de la rosa;
y era su emperatriz por más hermosa.
Yo vi entre piedras finas 
de la docta academia de sus minas
preferir el diamante,
y ser su emperador por más brillante.
Yo en esas cortes bellas
de la inquieta república de estrellas 
vi en el lugar primero
por rey de las estrellas el lucero.
Yo en esferas perfectas,
llamando el sol a cortes los planetas,
le vi que presidía 
como mayor oráculo del día.
Pues ¿cómo, si entre flores, entre estrellas,
piedras, signos, planetas, las más bellas
prefieren, tú has servido
la de menos beldad, habiendo sido 

por más bella y hermosa,
sol, lucero, diamante, estrella y rosa?","['No digas tal; di el sol, a cuya llama', 'aquella estrella vive,', 'pues de tus rayos resplandor recibe. ', 'Yo vi en reino de olores', 'que presidía entre comunes flores', 'la deidad de la rosa;', 'y era su emperatriz por más hermosa.', 'Yo vi entre piedras finas ', 'de la docta academia de sus minas', 'preferir el diamante,', 'y ser su emperador por más brillante.', 'Yo en esas cortes bellas', 'de la inquieta república de estrellas ', 'vi en el lugar primero', 'por rey de las estrellas el lucero.', 'Yo en esferas perfectas,', 'llamando el sol a cortes los planetas,', 'le vi que presidía ', 'como mayor oráculo del día.', 'Pues ¿cómo, si entre flores, entre estrellas,', 'piedras, signos, planetas, las más bellas', 'prefieren, tú has servido', 'la de menos beldad, habiendo sido ', 'por más bella y hermosa,', 'sol, lucero, diamante, estrella y rosa?']",25
CLOTALDO," (Aparte.)  
A Segismundo reducir deseo,
porque en fin lo he criado. Mas ¿qué veo?","[' (Aparte.)  ', 'A Segismundo reducir deseo,', 'porque en fin lo he criado. Mas ¿qué veo?']",3
ROSAURA,"Tu favor reverencio. 
Respóndate retórico el silencio;
cuando tan torpe la razón se halla,
mejor habla, señor, quien mejor calla.","['Tu favor reverencio. ', 'Respóndate retórico el silencio;', 'cuando tan torpe la razón se halla,', 'mejor habla, señor, quien mejor calla.']",4
SEGISMUNDO,"No has de ausentarte, espera.
¿Cómo quieres dejar desa manera 
a escuras mi sentido?","['No has de ausentarte, espera.', '¿Cómo quieres dejar desa manera ', 'a escuras mi sentido?']",3
ROSAURA,Esta licencia a Vuestra Alteza pido.,['Esta licencia a Vuestra Alteza pido.'],1
SEGISMUNDO,"Irte con tal violencia
no es pedir, es tomarte la licencia.","['Irte con tal violencia', 'no es pedir, es tomarte la licencia.']",2
ROSAURA,"Pues, si tú no la das, tomarla espero. ","['Pues, si tú no la das, tomarla espero. ']",1
SEGISMUNDO,"Harás que de cortés pase a grosero;
porque la resistencia
es veneno crüel de mi paciencia.","['Harás que de cortés pase a grosero;', 'porque la resistencia', 'es veneno crüel de mi paciencia.']",3
ROSAURA,"Pues cuando ese veneno,
de furia, de rigor y saña lleno, 
la paciencia venciera,
mi respeto no osara, ni pudiera.","['Pues cuando ese veneno,', 'de furia, de rigor y saña lleno, ', 'la paciencia venciera,', 'mi respeto no osara, ni pudiera.']",4
SEGISMUNDO,"Sólo por ver si puedo
harás que pierda a tu hermosura el miedo,
que soy muy inclinado 
a vencer lo imposible. Hoy he arrojado
dese balcón a un hombre que decía
que hacerse no podía;
y así, por ver si puedo, cosa es llana
que arrojaré tu honor por la ventana. ","['Sólo por ver si puedo', 'harás que pierda a tu hermosura el miedo,', 'que soy muy inclinado ', 'a vencer lo imposible. Hoy he arrojado', 'dese balcón a un hombre que decía', 'que hacerse no podía;', 'y así, por ver si puedo, cosa es llana', 'que arrojaré tu honor por la ventana. ']",8
CLOTALDO," (Aparte.)  
Mucho se va empeñando.
¿Qué he de hacer, cielos, cuando
tras un loco deseo
mi honor segunda vez a riesgo veo?","[' (Aparte.)  ', 'Mucho se va empeñando.', '¿Qué he de hacer, cielos, cuando', 'tras un loco deseo', 'mi honor segunda vez a riesgo veo?']",5
ROSAURA,"No en vano prevenía 
a este reino infeliz tu tiranía
escándalos tan fuertes
de delitos, traiciones, iras, muertes.
Mas ¿qué ha de hacer un hombre,
que de humano no tiene más que el nombre 
atrevido, inhumano,
crüel, soberbio, bárbaro y tirano,
nacido entre las fieras?","['No en vano prevenía ', 'a este reino infeliz tu tiranía', 'escándalos tan fuertes', 'de delitos, traiciones, iras, muertes.', 'Mas ¿qué ha de hacer un hombre,', 'que de humano no tiene más que el nombre ', 'atrevido, inhumano,', 'crüel, soberbio, bárbaro y tirano,', 'nacido entre las fieras?']",9
SEGISMUNDO,"Porque tú ese baldón no me dijeras
tan cortés me mostraba, 
pensando que con esto te obligaba;
mas, si lo soy hablando deste modo,
has de decirlo, ¡vive Dios!, por todo.
¡Hola!, dejadnos solos, y esa puerta
se cierre y no entre nadie.","['Porque tú ese baldón no me dijeras', 'tan cortés me mostraba, ', 'pensando que con esto te obligaba;', 'mas, si lo soy hablando deste modo,', 'has de decirlo, ¡vive Dios!, por todo.', '¡Hola!, dejadnos solos, y esa puerta', 'se cierre y no entre nadie.']",7
ROSAURA," (Aparte.)  
Yo soy muerta.

Advierte...","[' (Aparte.)  ', 'Yo soy muerta.', 'Advierte...']",3
SEGISMUNDO,"Soy tirano,
y ya pretendes, reducirme en vano.","['Soy tirano,', 'y ya pretendes, reducirme en vano.']",2
CLOTALDO," (Aparte.)  
¡Oh qué lance tan fuerte!
Saldré a estorbarlo, aunque me dé la muerte.
Señor, atiende, mira. ","[' (Aparte.)  ', '¡Oh qué lance tan fuerte!', 'Saldré a estorbarlo, aunque me dé la muerte.', 'Señor, atiende, mira. ']",4
SEGISMUNDO,"Segunda vez me has provocado a ira,
viejo caduco y loco.
¿Mi enojo y mi rigor tienes en poco?
¿Cómo hasta aquí has llegado?","['Segunda vez me has provocado a ira,', 'viejo caduco y loco.', '¿Mi enojo y mi rigor tienes en poco?', '¿Cómo hasta aquí has llegado?']",4
CLOTALDO,"De los acentos desta voz llamado, 
a decirte que seas
más apacible, si reinar deseas;
y no, por verte ya de todos dueño,
seas crüel, porque quizá es un sueño.","['De los acentos desta voz llamado, ', 'a decirte que seas', 'más apacible, si reinar deseas;', 'y no, por verte ya de todos dueño,', 'seas crüel, porque quizá es un sueño.']",5
SEGISMUNDO,"A rabia me provocas, 
cuando la luz del desengaño tocas.
Veré, dándote muerte,
si es sueño o si es verdad.","['A rabia me provocas, ', 'cuando la luz del desengaño tocas.', 'Veré, dándote muerte,', 'si es sueño o si es verdad.']",4
CLOTALDO,"Yo desta suerte
librar mi vida espero.","['Yo desta suerte', 'librar mi vida espero.']",2
SEGISMUNDO,Quita la osada mano del acero. ,['Quita la osada mano del acero. '],1
CLOTALDO,"Hasta que gente venga,
que tu rigor y cólera detenga,
no he de soltarte.","['Hasta que gente venga,', 'que tu rigor y cólera detenga,', 'no he de soltarte.']",3
ROSAURA,"¡Ay, cielos!","['¡Ay, cielos!']",1
SEGISMUNDO,"Suelta, digo,
caduco, loco, bárbaro, enemigo,
o será desta suerte 
  (Luchan.)
  el darte agora entre mis brazos muerte.","['Suelta, digo,', 'caduco, loco, bárbaro, enemigo,', 'o será desta suerte ', '  (Luchan.)', '  el darte agora entre mis brazos muerte.']",5
ROSAURA,"¡Acudid todos presto,
que matan a Clotaldo!
 (Vase.)  ","['¡Acudid todos presto,', 'que matan a Clotaldo!', ' (Vase.)  ']",3
ASTOLFO,"Pues ¿qué es esto,
príncipe generoso?
¿Así se mancha acero tan brïoso 
en una sangre helada?
Vuelva a la vaina tu lucida espada.","['Pues ¿qué es esto,', 'príncipe generoso?', '¿Así se mancha acero tan brïoso ', 'en una sangre helada?', 'Vuelva a la vaina tu lucida espada.']",5
SEGISMUNDO,"En viéndola teñida
en esa infame sangre.","['En viéndola teñida', 'en esa infame sangre.']",2
ASTOLFO,"Ya su vida
tomó a mis pies sagrado; 
y de algo ha de servirme haber llegado.","['Ya su vida', 'tomó a mis pies sagrado; ', 'y de algo ha de servirme haber llegado.']",3
SEGISMUNDO,"Sírvate de morir; pues desta suerte
también sabré vengarme con tu muerte
de aquel pasado enojo.","['Sírvate de morir; pues desta suerte', 'también sabré vengarme con tu muerte', 'de aquel pasado enojo.']",3
ASTOLFO,"Yo defiendo
mi vida; así la majestad no ofendo. ","['Yo defiendo', 'mi vida; así la majestad no ofendo. ']",2
CLOTALDO,"No le ofendas, señor.","['No le ofendas, señor.']",1
BASILIO,Pues ¿aquí espadas?,['Pues ¿aquí espadas?'],1
ESTRELLA," (Aparte.)  
Astolfo es. ¡Ay de mí, penas airadas!","[' (Aparte.)  ', 'Astolfo es. ¡Ay de mí, penas airadas!']",2
BASILIO,"Pues, ¿qué es lo que ha pasado?","['Pues, ¿qué es lo que ha pasado?']",1
ASTOLFO,"Nada, señor, habiendo tú llegado.","['Nada, señor, habiendo tú llegado.']",1
SEGISMUNDO,"Mucho, señor, aunque hayas tú venido; 
yo a ese viejo matar he pretendido.","['Mucho, señor, aunque hayas tú venido; ', 'yo a ese viejo matar he pretendido.']",2
BASILIO,"¿Respeto no tenías
a estas canas?","['¿Respeto no tenías', 'a estas canas?']",2
CLOTALDO,"Señor, ved que son mías;
que no importa veréis.","['Señor, ved que son mías;', 'que no importa veréis.']",2
SEGISMUNDO,"Acciones vanas,
querer que tenga yo respeto a canas; 
pues aun ésas podría
ser que viese a mis plantas algún día;
porque aún no estoy vengado
del modo injusto con que me has criado.
 (Vase.)  ","['Acciones vanas,', 'querer que tenga yo respeto a canas; ', 'pues aun ésas podría', 'ser que viese a mis plantas algún día;', 'porque aún no estoy vengado', 'del modo injusto con que me has criado.', ' (Vase.)  ']",7
BASILIO,"Pues antes que lo veas, 
volverás a dormir adonde creas
que cuanto te ha pasado,
como fue bien del mundo, fue soñado.","['Pues antes que lo veas, ', 'volverás a dormir adonde creas', 'que cuanto te ha pasado,', 'como fue bien del mundo, fue soñado.']",4
ASTOLFO,"    ¡Qué pocas veces el hado
que dice desdichas miente, 
pues es tan cierto en los males
cuanto dudoso en los bienes!
¡Qué buen astrólogo fuera,
si siempre casos crüeles
anunciara, pues no hay duda 
que ellos fueran verdad siempre!
Conocerse esta experiencia
en mí y Segismundo puede,
Estrella, pues en los dos
hizo muestras diferentes. 
En él previno rigores,
soberbias, desdichas, muertes
y en todo dijo verdad,
porque todo, al fin, sucede.
Pero en mí (que al ver, señora 
esos rayos excelentes,
de quien el sol fue una sombra
y el cielo un amago breve)
que me previno venturas,
trofeos, aplausos, bienes 
dijo mal y dijo bien;
pues sólo es justo que acierte
cuando amaga con favores
y ejecuta con desdenes.","['    ¡Qué pocas veces el hado', 'que dice desdichas miente, ', 'pues es tan cierto en los males', 'cuanto dudoso en los bienes!', '¡Qué buen astrólogo fuera,', 'si siempre casos crüeles', 'anunciara, pues no hay duda ', 'que ellos fueran verdad siempre!', 'Conocerse esta experiencia', 'en mí y Segismundo puede,', 'Estrella, pues en los dos', 'hizo muestras diferentes. ', 'En él previno rigores,', 'soberbias, desdichas, muertes', 'y en todo dijo verdad,', 'porque todo, al fin, sucede.', 'Pero en mí (que al ver, señora ', 'esos rayos excelentes,', 'de quien el sol fue una sombra', 'y el cielo un amago breve)', 'que me previno venturas,', 'trofeos, aplausos, bienes ', 'dijo mal y dijo bien;', 'pues sólo es justo que acierte', 'cuando amaga con favores', 'y ejecuta con desdenes.']",26
ESTRELLA,"No dudo que esas finezas 
son verdades evidentes;
mas serán por otra dama,
cuyo retrato pendiente
trujistes al cuello cuando
llegastis, Astolfo, a verme; 
y siendo así, esos requiebros
ella sola los merece.
Acudid a que ella os pague;

que no son buenos papeles
en el consejo de amor 
las finezas ni las fees
que se hicieron en servicio
de otras damas y otros reyes.","['No dudo que esas finezas ', 'son verdades evidentes;', 'mas serán por otra dama,', 'cuyo retrato pendiente', 'trujistes al cuello cuando', 'llegastis, Astolfo, a verme; ', 'y siendo así, esos requiebros', 'ella sola los merece.', 'Acudid a que ella os pague;', 'que no son buenos papeles', 'en el consejo de amor ', 'las finezas ni las fees', 'que se hicieron en servicio', 'de otras damas y otros reyes.']",14
ROSAURA," (Aparte.)  
¡Gracias a Dios q[ue] han llegado
ya mis desdichas crüeles 
al término suyo, pues
quien esto ve nada teme!","[' (Aparte.)  ', '¡Gracias a Dios q[ue] han llegado', 'ya mis desdichas crüeles ', 'al término suyo, pues', 'quien esto ve nada teme!']",5
ASTOLFO,"Yo haré que el retrato salga
del pecho, para que entre
la imagen de tu hermosura. 
Donde entra Estrella no tiene
lugar la sombra, ni estrella
donde el sol; voy a traerle.
  (Aparte.)  
Perdona, Rosaura hermosa,
este agravio, porque ausentes, 
no se guardan más fe que ésta
los hombres y las mujeres.
 (Vase.) ","['Yo haré que el retrato salga', 'del pecho, para que entre', 'la imagen de tu hermosura. ', 'Donde entra Estrella no tiene', 'lugar la sombra, ni estrella', 'donde el sol; voy a traerle.', '  (Aparte.)  ', 'Perdona, Rosaura hermosa,', 'este agravio, porque ausentes, ', 'no se guardan más fe que ésta', 'los hombres y las mujeres.', ' (Vase.) ']",12
ROSAURA," (Aparte.)  
Nada he podido escuchar,
temerosa que me viese.","[' (Aparte.)  ', 'Nada he podido escuchar,', 'temerosa que me viese.']",3
ESTRELLA,Astrea.,['Astrea.'],1
ROSAURA,"Señora mía.
",['Señora mía.'],1
ESTRELLA,"Heme holgado que tú fueses
la que llegaste hasta aquí;
porque de ti solamente
fiara un secreto.","['Heme holgado que tú fueses', 'la que llegaste hasta aquí;', 'porque de ti solamente', 'fiara un secreto.']",4
ROSAURA,"Honras,
señora, a quien te obedece. ","['Honras,', 'señora, a quien te obedece. ']",2
ESTRELLA,"En el poco tiempo, Astrea,
que ha que te conozco, tienes
de mi voluntad las llaves;
por esto, y por ser quien eres,
me atrevo a fiar de ti 
lo que aun de mí muchas veces
recaté.","['En el poco tiempo, Astrea,', 'que ha que te conozco, tienes', 'de mi voluntad las llaves;', 'por esto, y por ser quien eres,', 'me atrevo a fiar de ti ', 'lo que aun de mí muchas veces', 'recaté.']",7
ROSAURA,Tu esclava soy.,['Tu esclava soy.'],1
ESTRELLA,"Pues, para decirlo en breve,
mi primo Astolfo (bastara
que mi primo te dijese, 
porque hay cosas que se dicen
con pensarlas solamente)
ha de casarse conmigo,
si es que la fortuna quiere
que con una dicha sola 
tantas desdichas descuente.
Pesóme que el primer día
echado al cuello trujese
el retrato de una dama.
Habléle en él cortésmente; 
es galán y quiere bien;
fue por él, y ha de traerle
aquí. Embarázame mucho
que él a mí a dármele llegue.
Quédate aquí y cuando venga 

le dirás que te le entregue
a ti. No te digo más.
Discreta y hermosa eres;
bien sabrás lo que es amor.
 (Vase.) ","['Pues, para decirlo en breve,', 'mi primo Astolfo (bastara', 'que mi primo te dijese, ', 'porque hay cosas que se dicen', 'con pensarlas solamente)', 'ha de casarse conmigo,', 'si es que la fortuna quiere', 'que con una dicha sola ', 'tantas desdichas descuente.', 'Pesóme que el primer día', 'echado al cuello trujese', 'el retrato de una dama.', 'Habléle en él cortésmente; ', 'es galán y quiere bien;', 'fue por él, y ha de traerle', 'aquí. Embarázame mucho', 'que él a mí a dármele llegue.', 'Quédate aquí y cuando venga ', 'le dirás que te le entregue', 'a ti. No te digo más.', 'Discreta y hermosa eres;', 'bien sabrás lo que es amor.', ' (Vase.) ']",23
ROSAURA,"¡Ojalá no lo supiese! 
¡Válgame el cielo! ¿Quién fuera
tan atenta y tan prudente
que supiera aconsejarse
hoy en ocasión tan fuerte?
¿Habrá persona en el mundo 
a quien el cielo inclemente
con más desdichas combata
y con más pesares cerque?
¿Qué haré en tantas confusiones,
donde imposible parece 
que halle razón que me alivie,
ni alivio que me consuele?
Desde la primer desdicha
no hay suceso ni accidente
que otra desdicha no sea; 
que unas a otras suceden,
herederas de sí mismas.
A la imitación del fénix,
unas de las otras nacen,
viviendo de lo que mueren; 
y siempre de sus cenizas
está el sepulcro caliente.
Que eran cobardes, decía
un sabio, por parecerle
que nunca andaba una sola; 

yo digo que son valientes,
pues siempre van adelante,
y nunca la espalda vuelven.
Quien las llevase consigo,
a todo podrá atreverse, 
pues en ninguna ocasión
no haya miedo que le dejen.
Dígalo yo, pues en tantas
como a mi vida suceden,
nunca me he hallado sin ellas, 
ni se han cansado hasta verme,
herida de la fortuna
en los brazos de la muerte.
¡Ay de mí! ¿Qué debo hacer
hoy en la ocasión presente? 
Si digo quién soy, Clotaldo,
a quien mi vida le debe
este amparo y este honor,
conmigo ofenderse puede;
pues me dice que callando 
honor y remedio espere.
Si no he de decir quién soy
a Astolfo, y él llega a verme,
¿cómo he de disimular?
Pues aunque fingirlo intenten 
la voz, la lengua y los ojos,
les dirá el alma que mienten.
¿Qué haré? ¿Mas para qué estudio
lo que haré, si es evidente
que por más que lo prevenga, 
que lo estudie y que lo piense,
en llegando la ocasión
ha de hacer lo que quisiere
el dolor? Porque ninguno
imperio en sus penas tiene. 
Y pues a determinar
lo que ha de hacer no se atreve
el alma, llegue el dolor

hoy a su término, llegue
la pena a su extremo y salga 
de dudas y pareceres
de una vez; pero hasta entonces
¡valedme, cielos, valedme!","['¡Ojalá no lo supiese! ', '¡Válgame el cielo! ¿Quién fuera', 'tan atenta y tan prudente', 'que supiera aconsejarse', 'hoy en ocasión tan fuerte?', '¿Habrá persona en el mundo ', 'a quien el cielo inclemente', 'con más desdichas combata', 'y con más pesares cerque?', '¿Qué haré en tantas confusiones,', 'donde imposible parece ', 'que halle razón que me alivie,', 'ni alivio que me consuele?', 'Desde la primer desdicha', 'no hay suceso ni accidente', 'que otra desdicha no sea; ', 'que unas a otras suceden,', 'herederas de sí mismas.', 'A la imitación del fénix,', 'unas de las otras nacen,', 'viviendo de lo que mueren; ', 'y siempre de sus cenizas', 'está el sepulcro caliente.', 'Que eran cobardes, decía', 'un sabio, por parecerle', 'que nunca andaba una sola; ', 'yo digo que son valientes,', 'pues siempre van adelante,', 'y nunca la espalda vuelven.', 'Quien las llevase consigo,', 'a todo podrá atreverse, ', 'pues en ninguna ocasión', 'no haya miedo que le dejen.', 'Dígalo yo, pues en tantas', 'como a mi vida suceden,', 'nunca me he hallado sin ellas, ', 'ni se han cansado hasta verme,', 'herida de la fortuna', 'en los brazos de la muerte.', '¡Ay de mí! ¿Qué debo hacer', 'hoy en la ocasión presente? ', 'Si digo quién soy, Clotaldo,', 'a quien mi vida le debe', 'este amparo y este honor,', 'conmigo ofenderse puede;', 'pues me dice que callando ', 'honor y remedio espere.', 'Si no he de decir quién soy', 'a Astolfo, y él llega a verme,', '¿cómo he de disimular?', 'Pues aunque fingirlo intenten ', 'la voz, la lengua y los ojos,', 'les dirá el alma que mienten.', '¿Qué haré? ¿Mas para qué estudio', 'lo que haré, si es evidente', 'que por más que lo prevenga, ', 'que lo estudie y que lo piense,', 'en llegando la ocasión', 'ha de hacer lo que quisiere', 'el dolor? Porque ninguno', 'imperio en sus penas tiene. ', 'Y pues a determinar', 'lo que ha de hacer no se atreve', 'el alma, llegue el dolor', 'hoy a su término, llegue', 'la pena a su extremo y salga ', 'de dudas y pareceres', 'de una vez; pero hasta entonces', '¡valedme, cielos, valedme!']",69
ASTOLFO,"Éste es, señora, el retrato;
mas ¡ay Dios!","['Éste es, señora, el retrato;', 'mas ¡ay Dios!']",2
ROSAURA,"¿Qué se suspende

Vuestra Alteza? ¿Qué se admira?","['¿Qué se suspende', 'Vuestra Alteza? ¿Qué se admira?']",2
ASTOLFO,"De oírte, Rosaura, y verte.","['De oírte, Rosaura, y verte.']",1
ROSAURA,"¿Yo Rosaura? Hase engañado
Vuestra Alteza, si me tiene
por otra dama; que yo 
soy Astrea, y no merece
mi humildad tan grande dicha
que esa turbación le cueste.","['¿Yo Rosaura? Hase engañado', 'Vuestra Alteza, si me tiene', 'por otra dama; que yo ', 'soy Astrea, y no merece', 'mi humildad tan grande dicha', 'que esa turbación le cueste.']",6
ASTOLFO,"Basta, Rosaura, el engaño,
porque el alma nunca miente; 
y aunque como a Astrea te mire,
como a Rosaura te quiere.","['Basta, Rosaura, el engaño,', 'porque el alma nunca miente; ', 'y aunque como a Astrea te mire,', 'como a Rosaura te quiere.']",4
ROSAURA,"No he entendido a V[uest]ra Alteza,
y así no sé responderle.
Sólo lo que yo diré 
es que Estrella (que lo puede
ser de Venus) me mandó
que en esta parte le espere,
y de la suya le diga

que aquel retrato me entregue, 
que está muy puesto en razón,
y yo misma se lo lleve.
Estrella lo quiere así,
porque aun las cosas más leves,
como sean en mi daño, 
es Estrella quien las quiere.","['No he entendido a V[uest]ra Alteza,', 'y así no sé responderle.', 'Sólo lo que yo diré ', 'es que Estrella (que lo puede', 'ser de Venus) me mandó', 'que en esta parte le espere,', 'y de la suya le diga', 'que aquel retrato me entregue, ', 'que está muy puesto en razón,', 'y yo misma se lo lleve.', 'Estrella lo quiere así,', 'porque aun las cosas más leves,', 'como sean en mi daño, ', 'es Estrella quien las quiere.']",14
ASTOLFO,"Aunque más esfuerzos hagas,
¡oh qué mal, Rosaura, puedes
disimular! Di a los ojos
que su música concierten 
con la voz; porque es forzoso
que desdiga y que disuene
tan destemplado instrumento,
que ajustar y medir quiere
la falsedad de quien dice 
con la verdad de quien siente.","['Aunque más esfuerzos hagas,', '¡oh qué mal, Rosaura, puedes', 'disimular! Di a los ojos', 'que su música concierten ', 'con la voz; porque es forzoso', 'que desdiga y que disuene', 'tan destemplado instrumento,', 'que ajustar y medir quiere', 'la falsedad de quien dice ', 'con la verdad de quien siente.']",10
ROSAURA,"Ya digo que sólo espero
el retrato.","['Ya digo que sólo espero', 'el retrato.']",2
ASTOLFO,"Pues que quieres
llevar al fin el engaño,
con él quiero responderte. 
Dirásle, Astrea, a la Infanta
que yo la estimo de suerte
que, pidiéndome un retrato,
poca fineza parece
enviársele; y así, 
porque le estime y le precie,
le envío el original:
y tú llevársele puedes,
pues ya le llevas contigo,
como a ti misma te lleves. ","['Pues que quieres', 'llevar al fin el engaño,', 'con él quiero responderte. ', 'Dirásle, Astrea, a la Infanta', 'que yo la estimo de suerte', 'que, pidiéndome un retrato,', 'poca fineza parece', 'enviársele; y así, ', 'porque le estime y le precie,', 'le envío el original:', 'y tú llevársele puedes,', 'pues ya le llevas contigo,', 'como a ti misma te lleves. ']",13
ROSAURA,"Cuando un hombre se dispone,
restado, altivo y valiente
a salir con una empresa
aunque por trato le entreguen
lo que valga más, sin ella 
necio y desairado vuelve.

Yo vengo por un retrato,
y aunque un original lleve
que vale más, volveré
desairada; y así, déme 
Vuestra Alteza ese retrato,
que sin él no he de volverme.","['Cuando un hombre se dispone,', 'restado, altivo y valiente', 'a salir con una empresa', 'aunque por trato le entreguen', 'lo que valga más, sin ella ', 'necio y desairado vuelve.', 'Yo vengo por un retrato,', 'y aunque un original lleve', 'que vale más, volveré', 'desairada; y así, déme ', 'Vuestra Alteza ese retrato,', 'que sin él no he de volverme.']",12
ASTOLFO,"Pues ¿cómo, si no he de darle,
le has de llevar?","['Pues ¿cómo, si no he de darle,', 'le has de llevar?']",2
ROSAURA,"Desta suerte.
Suéltale, ingrato.","['Desta suerte.', 'Suéltale, ingrato.']",2
ASTOLFO,"Es en vano.
",['Es en vano.'],1
ROSAURA,"¡Vive Dios! que no ha de verse
en manos de otra mujer.","['¡Vive Dios! que no ha de verse', 'en manos de otra mujer.']",2
ASTOLFO,Terrible estás.,['Terrible estás.'],1
ROSAURA,Y tú aleve.,['Y tú aleve.'],1
ASTOLFO,"Ya basta, Rosaura mía.","['Ya basta, Rosaura mía.']",1
ROSAURA,"¿Yo tuya, villano? Mientes. ","['¿Yo tuya, villano? Mientes. ']",1
ESTRELLA,"Astrea, Astolfo, ¿qué es esto?","['Astrea, Astolfo, ¿qué es esto?']",1
ASTOLFO,Aquésta es Estrella.,['Aquésta es Estrella.'],1
ROSAURA," (Aparte. 
Déme,
para cobrar mi retrato,
ingenio el amor.) Si quieres
saber lo que es, yo, señora, 
te lo diré.","[' (Aparte. ', 'Déme,', 'para cobrar mi retrato,', 'ingenio el amor.) Si quieres', 'saber lo que es, yo, señora, ', 'te lo diré.']",6
ASTOLFO,¿Qué pretendes?,['¿Qué pretendes?'],1
ROSAURA,"Mandásteme que esperase
aquí a Astolfo, y le pidiese
un retrato de tu parte.
Quedé sola, y como vienen 
de unos discursos a otros

las noticias fácilmente,
viéndote hablar de retratos,
con su memoria acordéme
de que tenía uno mío 
en la manga. Quise verle,
porque una persona sola
con locuras se divierte.
Cayóseme de la mano
al suelo. Astolfo, que viene 
a entregarte el de otra dama,
le levantó, y tan rebelde
está en dar el que le pides
que, en vez de dar uno, quiere
llevar otro. Pues el mío 
aun no es posible volverme
con ruegos y persuasiones,
colérica y impaciente
yo se le quise quitar.
Aquel que en la mano tiene 
es mío; tú lo verás
con ver si se me parece.","['Mandásteme que esperase', 'aquí a Astolfo, y le pidiese', 'un retrato de tu parte.', 'Quedé sola, y como vienen ', 'de unos discursos a otros', 'las noticias fácilmente,', 'viéndote hablar de retratos,', 'con su memoria acordéme', 'de que tenía uno mío ', 'en la manga. Quise verle,', 'porque una persona sola', 'con locuras se divierte.', 'Cayóseme de la mano', 'al suelo. Astolfo, que viene ', 'a entregarte el de otra dama,', 'le levantó, y tan rebelde', 'está en dar el que le pides', 'que, en vez de dar uno, quiere', 'llevar otro. Pues el mío ', 'aun no es posible volverme', 'con ruegos y persuasiones,', 'colérica y impaciente', 'yo se le quise quitar.', 'Aquel que en la mano tiene ', 'es mío; tú lo verás', 'con ver si se me parece.']",26
ESTRELLA,"Soltad, Astolfo, el retrato.
 (Quítasele.) ","['Soltad, Astolfo, el retrato.', ' (Quítasele.) ']",2
ASTOLFO,Señora...,['Señora...'],1
ESTRELLA,"No son crüeles
a la verdad los matices. ","['No son crüeles', 'a la verdad los matices. ']",2
ROSAURA,¿No es mío?,['¿No es mío?'],1
ESTRELLA,¿Qué duda tiene?,['¿Qué duda tiene?'],1
ROSAURA,Di q[ue] ahora te entregue el otro.,['Di q[ue] ahora te entregue el otro.'],1
ESTRELLA,"Toma tu retrato, y vete.","['Toma tu retrato, y vete.']",1
ROSAURA," (Aparte.)  
Yo he cobrado mi retrato
venga ahora lo que viniere. 
 (Vase.) ","[' (Aparte.)  ', 'Yo he cobrado mi retrato', 'venga ahora lo que viniere. ', ' (Vase.) ']",4
ESTRELLA,"    Dadme ahora el retrato vos
que os pedí: que au[n]que no piense
veros ni hablaros jamás,
no quiero, no, que se quede
en vuestro poder, siquiera 
porque yo tan neciamente
lo he pedido.","['    Dadme ahora el retrato vos', 'que os pedí: que au[n]que no piense', 'veros ni hablaros jamás,', 'no quiero, no, que se quede', 'en vuestro poder, siquiera ', 'porque yo tan neciamente', 'lo he pedido.']",7
ASTOLFO," (Aparte. 
¿Cómo puedo
salir de lance tan fuerte?)
Aunque quiera, hermosa Estrella
servirte y obedecerte, 
no podré darte el retrato
que me pides, porque...","[' (Aparte. ', '¿Cómo puedo', 'salir de lance tan fuerte?)', 'Aunque quiera, hermosa Estrella', 'servirte y obedecerte, ', 'no podré darte el retrato', 'que me pides, porque...']",7
ESTRELLA,"Eres
    villano y grosero amante.
No quiero que me le entregues;
porque yo tampoco quiero, 
de que yo te le he pedido,
con tomarle, que me acuerdes.
 (Vase.) ","['Eres', '    villano y grosero amante.', 'No quiero que me le entregues;', 'porque yo tampoco quiero, ', 'de que yo te le he pedido,', 'con tomarle, que me acuerdes.', ' (Vase.) ']",7
ASTOLFO,"¡Oye, escucha, mira, advierte!
¡Válgate Dios por Rosaura!
¿Dónde, cómo o de qué suerte 
hoy a Polonia has venido
a perderme y a perderte?
 (Vase.)  ","['¡Oye, escucha, mira, advierte!', '¡Válgate Dios por Rosaura!', '¿Dónde, cómo o de qué suerte ', 'hoy a Polonia has venido', 'a perderme y a perderte?', ' (Vase.)  ']",6
CLOTALDO,"    Aquí le habéis de dejar,
pues hoy su soberbia acaba
donde empezó.","['    Aquí le habéis de dejar,', 'pues hoy su soberbia acaba', 'donde empezó.']",3
[CRIADO] 1.º,"Como estaba,

la cadena vuelvo a atar.","['Como estaba,', 'la cadena vuelvo a atar.']",2
CLARÍN,"No acabes de despertar,
Segismundo, para verte
perder, trocada la suerte,
siendo tu gloria fingida 
una sombra de la vida
y una llama de la muerte.","['No acabes de despertar,', 'Segismundo, para verte', 'perder, trocada la suerte,', 'siendo tu gloria fingida ', 'una sombra de la vida', 'y una llama de la muerte.']",6
CLOTALDO,"    A quien sabe discurrir
así, es bien que se prevenga
una estancia donde tenga 
harto lugar de argüir.
Éste es el que habéis de asir
y en ese cuarto encerrar.","['    A quien sabe discurrir', 'así, es bien que se prevenga', 'una estancia donde tenga ', 'harto lugar de argüir.', 'Éste es el que habéis de asir', 'y en ese cuarto encerrar.']",6
CLARÍN,¿Por qué a mí?,['¿Por qué a mí?'],1
CLOTALDO,"Porque ha de estar
guardado en prisión tan grave 
Clarín que secretos sabe,
donde no pueda sonar.","['Porque ha de estar', 'guardado en prisión tan grave ', 'Clarín que secretos sabe,', 'donde no pueda sonar.']",4
CLARÍN,"    ¿Yo, por dicha, solicito
dar muerte a mi padre? No.
¿Arrojé del balcón yo 
al Ícaro de poquito?
¿Yo muero ni resucito?
¿Yo sueño o duermo? ¿A qué fin
me encierran?","['    ¿Yo, por dicha, solicito', 'dar muerte a mi padre? No.', '¿Arrojé del balcón yo ', 'al Ícaro de poquito?', '¿Yo muero ni resucito?', '¿Yo sueño o duermo? ¿A qué fin', 'me encierran?']",7
CLOTALDO,Eres Clarín.,['Eres Clarín.'],1
CLARÍN,"Pues ya digo que seré 

corneta, y que callaré,
que es instrumento rüin.","['Pues ya digo que seré ', 'corneta, y que callaré,', 'que es instrumento rüin.']",3
BASILIO,    ¿Clotaldo?,['    ¿Clotaldo?'],1
CLOTALDO,"Señor, ¿así
viene Vuestra Majestad?","['Señor, ¿así', 'viene Vuestra Majestad?']",2
BASILIO,"La necia curiosidad 
de ver lo que pasa aquí
a Segismundo, ¡ay de mí!,
deste modo me ha traído.","['La necia curiosidad ', 'de ver lo que pasa aquí', 'a Segismundo, ¡ay de mí!,', 'deste modo me ha traído.']",4
CLOTALDO,"Mírale allí reducido
a su miserable estado. ","['Mírale allí reducido', 'a su miserable estado. ']",2
BASILIO,"¡Ay, príncipe desdichado,
y en triste punto nacido!
    Llega a despertarle, ya
que fuerza y vigor perdió
esos lotos que bebió. ","['¡Ay, príncipe desdichado,', 'y en triste punto nacido!', '    Llega a despertarle, ya', 'que fuerza y vigor perdió', 'esos lotos que bebió. ']",5
CLOTALDO,"Inquieto, señor, está
y hablando.","['Inquieto, señor, está', 'y hablando.']",2
BASILIO,"¿Qué soñará
agora? Escuchemos pues.","['¿Qué soñará', 'agora? Escuchemos pues.']",2
SEGISMUNDO," (En sueños.)  
Piadoso príncipe es
el que castiga tiranos. 
Muera Clotaldo a mis manos,
bese mi padre mis pies.","[' (En sueños.)  ', 'Piadoso príncipe es', 'el que castiga tiranos. ', 'Muera Clotaldo a mis manos,', 'bese mi padre mis pies.']",5
CLOTALDO,    Con la muerte me amenaza.,['    Con la muerte me amenaza.'],1
BASILIO,A mí con rigor y afrenta.,['A mí con rigor y afrenta.'],1
CLOTALDO,Quitarme la vida intenta. ,['Quitarme la vida intenta. '],1
BASILIO,Rendirme a sus plantas traza.,['Rendirme a sus plantas traza.'],1
SEGISMUNDO," (En sueños.)  
Salga a la anchurosa plaza
del gran teatro del mundo
este valor sin segundo:
porque mi venganza cuadre, 
vean triunfar de su padre
al príncipe Segismundo.
  (Despierta.)  
    Mas ¡ay de mí!, ¿dónde estoy?","[' (En sueños.)  ', 'Salga a la anchurosa plaza', 'del gran teatro del mundo', 'este valor sin segundo:', 'porque mi venganza cuadre, ', 'vean triunfar de su padre', 'al príncipe Segismundo.', '  (Despierta.)  ', '    Mas ¡ay de mí!, ¿dónde estoy?']",9
BASILIO," (A CLOTALDO.)  
Pues a mí no me ha de ver.
Ya sabes lo que has de hacer. 
  (Aparte.)  
Desde allí a escucharte voy.
 (Retírase.) ","[' (A CLOTALDO.)  ', 'Pues a mí no me ha de ver.', 'Ya sabes lo que has de hacer. ', '  (Aparte.)  ', 'Desde allí a escucharte voy.', ' (Retírase.) ']",6
SEGISMUNDO,"¿Soy yo por ventura? ¿Soy
el que preso y aherrojado
llego a verme en tal estado?
¿No sois mi sepulcro vos, 
torre? Sí. ¡Válgame Dios,
qué de cosas he soñado!","['¿Soy yo por ventura? ¿Soy', 'el que preso y aherrojado', 'llego a verme en tal estado?', '¿No sois mi sepulcro vos, ', 'torre? Sí. ¡Válgame Dios,', 'qué de cosas he soñado!']",6
CLOTALDO," (Aparte.)  
    A mí me toca llegar
a hacer la deshecha ahora.
¿Es ya de despertar hora? ","[' (Aparte.)  ', '    A mí me toca llegar', 'a hacer la deshecha ahora.', '¿Es ya de despertar hora? ']",4
SEGISMUNDO,"Sí, hora es ya de despertar.","['Sí, hora es ya de despertar.']",1
CLOTALDO,"¿Todo el día te has de estar
durmiendo? ¿Desde que yo

al águila que voló
con tarda vista seguí, 
y te quedaste tú aquí,
nunca has despertado?","['¿Todo el día te has de estar', 'durmiendo? ¿Desde que yo', 'al águila que voló', 'con tarda vista seguí, ', 'y te quedaste tú aquí,', 'nunca has despertado?']",6
SEGISMUNDO,"No,
    ni aun agora he despertado;
que según, Clotaldo, entiendo,
todavía estoy durmiendo, 
y no estoy muy engañado.
Porque si ha sido soñado
lo que vi palpable y cierto,
lo que veo será incierto;
y no es mucho que rendido, 
pues veo estando dormido
que sueñe estando despierto.","['No,', '    ni aun agora he despertado;', 'que según, Clotaldo, entiendo,', 'todavía estoy durmiendo, ', 'y no estoy muy engañado.', 'Porque si ha sido soñado', 'lo que vi palpable y cierto,', 'lo que veo será incierto;', 'y no es mucho que rendido, ', 'pues veo estando dormido', 'que sueñe estando despierto.']",11
CLOTALDO,    Lo que soñaste me di.,['    Lo que soñaste me di.'],1
SEGISMUNDO,"    Supuesto que sueño fue,
no diré lo que soñé; 
lo que vi, Clotaldo, sí.
Yo desperté, y yo me vi
(¡qué crueldad tan lisonjera!)
en un lecho que pudiera,
con matices y colores, 
ser el catre de las flores
que tejió la primavera.
    Aquí mil nobles rendidos
a mis pies nombre me dieron
de su príncipe, y sirvieron 
galas, joyas y vestidos.
La calma de mis sentidos
tú trocaste en alegría,
diciendo la dicha mía;
que, aunque estoy desta manera, 
príncipe en Polonia era.","['    Supuesto que sueño fue,', 'no diré lo que soñé; ', 'lo que vi, Clotaldo, sí.', 'Yo desperté, y yo me vi', '(¡qué crueldad tan lisonjera!)', 'en un lecho que pudiera,', 'con matices y colores, ', 'ser el catre de las flores', 'que tejió la primavera.', '    Aquí mil nobles rendidos', 'a mis pies nombre me dieron', 'de su príncipe, y sirvieron ', 'galas, joyas y vestidos.', 'La calma de mis sentidos', 'tú trocaste en alegría,', 'diciendo la dicha mía;', 'que, aunque estoy desta manera, ', 'príncipe en Polonia era.']",18
CLOTALDO,Buenas albricias tendría.,['Buenas albricias tendría.'],1
SEGISMUNDO,"    No muy buenas; por traidor,
con pecho atrevido y fuerte,
dos veces te daba muerte. ","['    No muy buenas; por traidor,', 'con pecho atrevido y fuerte,', 'dos veces te daba muerte. ']",3
CLOTALDO,¿Para mí tanto rigor?,['¿Para mí tanto rigor?'],1
SEGISMUNDO,"De todos era señor,
y de todos me vengaba.
Sólo a una mujer amaba
que fue verdad, creo yo, 
en que todo se acabó,
y esto solo no se acaba.","['De todos era señor,', 'y de todos me vengaba.', 'Sólo a una mujer amaba', 'que fue verdad, creo yo, ', 'en que todo se acabó,', 'y esto solo no se acaba.']",6
CLOTALDO," (Aparte. 
   Enternecido se ha ido el Rey
de haberle escuchado.)
Como habíamos hablado 
de aquella águila, dormido,
tu sueño imperios han sido;
mas en sueños fuera bien
entonces honrar a quien
te crió en tantos empeños 
Segismundo; que aun en sueños
no se pierde el hacer bien.
 (Vase.) ","[' (Aparte. ', '   Enternecido se ha ido el Rey', 'de haberle escuchado.)', 'Como habíamos hablado ', 'de aquella águila, dormido,', 'tu sueño imperios han sido;', 'mas en sueños fuera bien', 'entonces honrar a quien', 'te crió en tantos empeños ', 'Segismundo; que aun en sueños', 'no se pierde el hacer bien.', ' (Vase.) ']",12
SEGISMUNDO,"    Es verdad; pues reprimamos
esta fiera condición,
esta furia, esta ambición 
por si alguna vez soñamos.
Y sí haremos, pues estamos
en mundo tan singular,
que el vivir sólo es soñar;
y la experiencia me enseña 
que el hombre que vive sueña
lo que es hasta despertar.
    Sueña el rey que es rey, y vive
con este engaño mandando,
disponiendo y gobernando; 
y este aplauso que recibe

prestado, en el viento escribe,
y en cenizas le convierte
la muerte (¡desdicha fuerte!);
¡que hay quien intente reinar, 
viendo que ha de despertar
en el sueño de la muerte!
    Sueña el rico en su riqueza
que más cuidados le ofrece;
sueña el pobre que padece 
su miseria y su pobreza;
sueña el que a medrar empieza,
sueña el que afana y pretende,
sueña el que agravia y ofende;
y en el mundo, en conclusión, 
todos sueñan lo que son,
aunque ninguno lo entiende.
    Yo sueño que estoy aquí
destas prisiones cargado,
y soñé que en otro estado 
más lisonjero me vi.
¿Qué es la vida? Un frenesí.
¿Qué es la vida? Una ilusión,
una sombra, una ficción,
y el mayor bien es pequeño; 
que toda la vida es sueño,
y los sueños, sueños son.","['    Es verdad; pues reprimamos', 'esta fiera condición,', 'esta furia, esta ambición ', 'por si alguna vez soñamos.', 'Y sí haremos, pues estamos', 'en mundo tan singular,', 'que el vivir sólo es soñar;', 'y la experiencia me enseña ', 'que el hombre que vive sueña', 'lo que es hasta despertar.', '    Sueña el rey que es rey, y vive', 'con este engaño mandando,', 'disponiendo y gobernando; ', 'y este aplauso que recibe', 'prestado, en el viento escribe,', 'y en cenizas le convierte', 'la muerte (¡desdicha fuerte!);', '¡que hay quien intente reinar, ', 'viendo que ha de despertar', 'en el sueño de la muerte!', '    Sueña el rico en su riqueza', 'que más cuidados le ofrece;', 'sueña el pobre que padece ', 'su miseria y su pobreza;', 'sueña el que a medrar empieza,', 'sueña el que afana y pretende,', 'sueña el que agravia y ofende;', 'y en el mundo, en conclusión, ', 'todos sueñan lo que son,', 'aunque ninguno lo entiende.', '    Yo sueño que estoy aquí', 'destas prisiones cargado,', 'y soñé que en otro estado ', 'más lisonjero me vi.', '¿Qué es la vida? Un frenesí.', '¿Qué es la vida? Una ilusión,', 'una sombra, una ficción,', 'y el mayor bien es pequeño; ', 'que toda la vida es sueño,', 'y los sueños, sueños son.']",40
